{
 "actions": [],
 "allow_rename": 1,
 "creation": "2024-06-16 18:14:40.338653",
 "doctype": "DocType",
 "editable_grid": 1,
 "engine": "InnoDB",
 "field_order": [
  "supplier",
  "expense_accounting_ledger",
  "remark",
  "amount"
 ],
 "fields": [
  {
   "fieldname": "supplier",
   "fieldtype": "Link",
   "label": "Supplier",
   "options": "Supplier"
  },
  {
   "fieldname": "expense_accounting_ledger",
   "fieldtype": "Link",
   "label": "Expense Accounting Ledger",
   "options": "Account"
  },
  {
   "fieldname": "remark",
   "fieldtype": "Small Text",
   "label": "Remark"
  },
  {
   "fieldname": "amount",
   "fieldtype": "Currency",
   "label": "Amount"
  }
 ],
 "index_web_pages_for_search": 1,
 "istable": 1,
 "links": [],
 "modified": "2024-06-16 18:17:12.555241",
 "modified_by": "Administrator",
 "module": "Cash Management",
 "name": "Petty Cash Expense",
 "owner": "Administrator",
 "permissions": [],
 "sort_field": "modified",
 "sort_order": "DESC",
 "states": []
}